Proteome	A	R	N	D	C	Q	E	G	H	I	L	K	M	F	P	S	T	W	Y	V
Acaryochloris_marina_MBIC11017.fasta	191864 8.290479628772628	120595 5.210932696242312	86578 3.7410517100648195	121718 5.259457738058972	25864 1.1175883183847686	139984 6.048735043333338	134024 5.791202319177243	155740 6.729554775179549	51885 2.241960636382374	139603 6.032271961470339	255089 11.022443804069448	100020 4.321883065451769	46608 2.01394047105155	89993 3.8886145041911724	116992 5.055246386656003	152995 6.610942807426449	133909 5.786233147486312	35623 1.5392765490960645	66136 2.85774903436031	149048 6.4403921929559615
Acaryochloris_sp_CCMEE_5410.fasta	173999 8.383942441495165	107200 5.165309166881888	75611 3.6432293975476346	110570 5.32768875543032	22585 1.0882323463995096	127939 6.164594118486025	121172 5.838533977326605	139181 6.706277007050262	46624 2.246524016760272	124705 6.008767534104532	230530 11.107823901504492	88021 4.241191027780883	40962 1.9737070344572378	79451 3.828255397555344	106228 5.118474460629937	135615 6.534453383084769	120248 5.79401209607475	31783 1.5314274370429761	59037 2.8446301985560263	133916 6.452589014852191
Anabaena_cylindrica_PCC_7122.fasta	143851 7.49235274907798	89743 4.674185183005369	95439 4.970856330642494	94962 4.946012205392686	18588 0.9681396229422216	103324 5.3815396170046315	122592 6.385096441560836	122914 6.4018675282074575	34750 1.8099231707145578	141843 7.387767836076691	209190 10.895477067101535	101837 5.304090530534055	34719 1.8083085629939202	76836 4.0019354458999645	85263 4.440848325313247	124249 6.471399828434909	111740 5.8198795710976885	26771 1.394343977070487	60464 3.1492142329233097	120758 6.289574165443124
Anabaena_sp_PCC_7108.fasta	120523 7.538577013291634	75292 4.709429241594996	76475 4.7834245504300235	77614 4.854667709147772	15888 0.9937763878029711	85955 5.376387802971071	102142 6.38886630179828	102394 6.404628616106333	29027 1.8156059421422988	116862 7.309585613760751	175491 10.976763096168883	85406 5.342048475371384	29541 1.847756059421423	63745 3.987177482408131	72184 4.515027365129007	103145 6.451602814698983	92358 5.776888193901486	22519 1.4085379202501955	49810 3.115559030492572	102314 6.399624706802189
Anabaena_variabilis.fasta	155359 8.059586123893071	97251 5.045107204183376	87851 4.55746175355229	93048 4.827067435140561	18462 0.9577564159096922	107057 5.553814788107676	118299 6.137017996192215	127533 6.616051835673859	36160 1.875878669661709	133207 6.910402930022878	211207 10.95682262674891	91669 4.755528809989469	33803 1.7536041667747442	75352 3.9090489357397424	90215 4.680099396668448	123163 6.389348578306003	112629 5.842874410545592	27760 1.4401103946296747	59223 3.072321970502638	128382 6.660095557757454
Arthrospira_maxima_CS328.fasta	120505 7.51241523167826	89072 5.552847180748068	69716 4.346172692350372	84458 5.265205307971308	17699 1.1033752722747896	86169 5.371870943931654	101659 6.337534708411935	107653 6.7112073103677	32035 1.99709739800683	109978 6.856150386701893	172378 10.746235532187338	70527 4.396731331020063	32337 2.01592441265325	61371 3.8259361452497944	81311 5.069017840778316	103919 6.478425612719581	88609 5.523983247697431	24693 1.5393889823312832	49466 3.0837652533106246	100523 6.266715209609508
Arthrospira_platensis_NIES39.fasta	128577 7.38425436702289	95657 5.493638986648534	78514 4.509106196072666	91684 5.2654672094241315	18494 1.06212153234032	92313 5.301591057366279	109591 6.293876979058505	118991 6.83372462716054	33797 1.940982017330258	120232 6.90499600283018	183604 10.544488040651677	78495 4.508015014656289	34534 1.983308370165492	66273 3.806098210921922	88148 5.062392604776388	113670 6.528136399974271	98279 5.644222022108484	27196 1.5618826210407344	54818 3.148230678048646	108365 6.223467062401793
Arthrospira_platensis_Paraca.fasta	110291 7.604429821174446	78089 5.384141229163679	64238 4.429131686652619	76331 5.262929275100114	14842 1.023337782827893	78477 5.410893355544033	92010 6.343977186227895	98623 6.799935463942546	28116 1.9385638796650744	101998 7.032637594184033	157248 10.842057652211325	61378 4.231938177766501	28874 1.990827054397829	55515 3.8276914845499577	73157 5.04408584950412	92750 6.394999282932695	79608 5.488874424967181	21559 1.4864667335929485	44884 3.094697011484109	92364 6.368385054111002
Calothrix_sp_PCC_6303.fasta	141716 7.6258800789515035	89850 4.834918605477099	91327 4.914397456676761	91362 4.916280841776279	18607 1.0012613299066486	98355 5.29258118465999	116288 6.257573898650205	122089 6.569731526144614	32638 1.7562835108020207	134179 7.2203065505209985	197885 10.648390297660944	100242 5.394122547025435	34666 1.865412224568382	74468 4.00719775974033	82032 4.414224185247606	125363 6.745908749453818	105878 5.697401359050688	25461 1.37008194339513	56858 3.059585999668524	119008 6.40393982638418
Calothrix_sp_PCC_7507.fasta	154857 8.259806510044132	94397 5.034973912245723	81985 4.372939142085719	90206 4.811433167664626	17711 0.9446743324447175	104458 5.571610378776484	114161 6.089151739948134	122833 6.55170133121687	34727 1.85227855811686	128784 6.86911745409974	207234 11.053505765335023	91314 4.870531985368242	32899 1.7547761765625183	73795 3.936098603283718	88325 4.7111038571046056	120703 6.438090788158474	107206 5.718183980806752	27002 1.4402403209684524	57538 3.0689781345042153	124625 6.647283534578675
Chlorogloeopsis_fritschii_PCC_6912.fasta	168657 8.264955690111083	106354 5.211826947390705	88049 4.314799169667377	95089 4.659791005513989	21183 1.0380627924344858	109758 5.378638340746084	129441 6.343194349974616	133264 6.530538638105525	38478 1.8855960027991383	138703 6.7970742340103145	223534 10.95417685143985	99627 4.8821735269730695	38553 1.889271341959436	82664 4.050909817958001	95518 4.6808139455108915	126406 6.194465625287902	114222 5.597394527567004	29772 1.4589626330717798	63397 3.1067396899385877	137959 6.760614869540161
Chlorogloeopsis_fritschii_PCC_9212.fasta	166455 8.285535517224387	104591 5.206166503151096	86565 4.308896590961695	93370 4.64762519145259	20709 1.0308200716481921	108339 5.392728559674223	127491 6.346046731107232	131193 6.530319071888612	37901 1.8865764419111561	136490 6.793984817193575	220531 10.977245700934255	97549 4.855640888947293	37931 1.8880697347862077	81418 4.052697310031991	94284 4.6931208477125	124201 6.182282279143228	112382 5.593974662802025	29203 1.4536210610044984	62385 3.105302533670021	135995 6.769345484755222
Chroococcidiopsis_sp_PCC_6712.fasta	119354 7.468395697196896	68942 4.313941184678757	84749 5.303040257902874	79053 4.9466216888458385	15612 0.9768972437005708	87026 5.445520082647058	104181 6.518968213295489	98614 6.1706216237694145	26199 1.6393627266020532	122875 7.688716936952834	176145 11.022006468846852	91053 5.6975035056794825	26802 1.6770945378979438	66314 4.149498066792189	64792 4.054261223023788	104890 6.56333281397341	91145 5.7032602662752065	21776 1.3626002036141194	52641 3.293930809994988	95885 5.999858583924496
Chroococcidiopsis_thermalis_PCC_7203.fasta	163421 8.88328032497539	104287 5.668859297463046	71226 3.871721042134714	88259 4.797605192735346	18601 1.011117893813324	101259 5.504262502534454	110445 6.003597429289424	124311 6.757328987572072	34059 1.8513877934190635	119770 6.5104881534337835	202033 10.982161251587941	78776 4.282125864364196	34415 1.8707393320566392	72250 3.9273838948450437	87476 4.755042679383599	116857 6.352142557784184	104582 5.684894982570025	26771 1.4552248338947635	55737 3.0297660366363766	125112 6.800869949506617
Coleofasciculus_chthonoplastes_PCC_7420.fasta	181242 7.797840085807993	125122 5.3833071099219145	99378 4.275685282922428	121829 5.241627546671864	23912 1.0288010071166767	136080 5.854769197408722	145384 6.255068819782993	157345 6.769684445666339	44305 1.906198921892956	149076 6.413915144568656	254357 10.943573844395138	100752 4.334800897834536	42335 1.8214407258399343	88783 3.819841076231177	116027 4.991999600732965	151218 6.506073548601941	135442 5.827319588737744	34337 1.4773310547576668	68945 2.9663217395307493	148088 6.371406973147141
Crocosphaera_watsonii_WH8501.fasta	99102 6.072206948400763	81735 5.008091006513857	79928 4.897371970008437	81532 4.995652730691721	18816 1.1528994968931883	79570 4.8754364885093	114090 6.99055610121938	99996 6.126984379853915	29993 1.8377399346469705	122177 7.486065148380052	174416 10.686868550708033	111848 6.853183616523667	30262 1.8542221819186684	67237 4.1197652780935	71351 4.371839498449504	106556 6.528930633022458	88521 5.423884798282415	23431 1.4356711368890462	54545 3.342097313883873	96917 5.938326984502399
cyanobacterium_PCC_7702.fasta	111652 8.608547483018373	68715 5.298036222330165	52226 4.026707993122537	56130 4.327712626928504	14722 1.1350897077078466	73492 5.666350550119893	76734 5.9163139268614255	84012 6.477459348183101	24605 1.8970847886259725	87782 6.768132368021342	145785 11.240256285707677	65645 5.061334320233772	23191 1.7880631307874386	52795 4.070578801686983	63241 4.8759820815889094	78021 6.015543681909652	71087 5.4809212098782565	19573 1.5091095536588564	39556 3.049830761995081	87989 6.784092398553574
Cyanobacterium_stanieri_PCC_7202.fasta	61840 6.737733924882547	41214 4.490442528785726	49120 5.351835226232709	48592 5.294307355722716	9203 1.0027064248171746	43973 4.791047443060482	61239 6.672252390457347	60375 6.578115875077358	17086 1.8615931733593662	72530 7.902455394109495	97409 10.613129428992304	52493 5.719338080835374	18619 2.028620115578722	38682 4.214570240658258	39473 4.30075309212304	57121 6.223578582199482	49044 5.3435546994168766	12119 1.3204171642246376	30224 3.2930347694962823	57455 6.259969318469062
Cyanobacterium_YellowstoneA.fasta	84162 10.185182944096583	60632 7.3376109439707236	20113 2.434050813367251	35278 4.269300680851682	8844 1.070290130434046	46781 5.661379759366249	52609 6.366677235640516	63936 7.7374570080767935	15867 1.9202050542285174	38745 4.688872806837077	103961 12.581233859119612	23903 2.892712006757689	13840 1.6748999779745812	28445 3.442379326119	52117 6.307135993648934	45878 5.55209979693048	37224 4.5048032355582235	14933 1.8071735094721402	21523 2.604687299562638	57527 6.961847617987264
Cyanobacterium_YellowstoneB.fasta	84698 9.803644680673747	61929 7.168172937134814	21888 2.53349754150732	37777 4.372621373607549	9382 1.085950015278768	49897 5.775490078060615	54239 6.278068948913355	67110 7.7678645838156175	17492 2.024668265535729	41605 4.81570564758827	106892 12.372561184521219	25299 2.9283147981813635	15019 1.738422860740974	29905 3.4614512051707056	53486 6.190910521978276	49499 5.72942227736983	40132 4.6452084857351865	15548 1.7996536812571184	22473 2.601210263628198	59674 6.9071606493013435
Cyanothece_sp_ATCC51142.fasta	103323 6.561527778042382	71028 4.510633595799525	77577 4.926527882825643	79761 5.065222816840766	15778 1.0019819912502803	82081 5.212554431728625	104354 6.627001439658495	101151 6.423594904104265	29915 1.8997522669699667	118230 7.508196908703297	174348 11.071970858822656	88164 5.598855385764336	31369 1.9920885463005475	65228 4.142304558579876	71207 4.5220009919482	100407 6.3763471793298825	90703 5.760094597057559	22529 1.4307042895726685	51835 3.291782007634572	95691 6.0768575690664575
Cyanothece_sp_ATCC_51472.fasta	102271 6.621260726991393	69467 4.4974540086819434	75853 4.910898396656707	78783 5.100593363265861	15340 0.993147026547584	80809 5.231761282156696	102730 6.650977447016513	99756 6.45843381879275	29334 1.8991509046119184	115747 7.493728088774654	171064 11.075078419122288	85434 5.531194463237698	29836 1.931651543942224	63733 4.126221606450923	70153 4.541867232946067	98288 6.363392108559904	88884 5.754555430746771	22115 1.431776172887863	50832 3.2909810725858404	94156 6.095876886024401
Cyanothece_sp_CCY0110.fasta	106843 6.3635129130896235	75084 4.471963568660757	86096 5.127832499699225	85574 5.096742454112403	17318 1.0314509760011055	85744 5.106867564744126	112849 6.7212271157609855	104981 6.252613171935099	30753 1.8316325132787847	128157 7.632963548410537	184153 10.968055871551655	100318 5.974887343254354	32223 1.919184940506041	70168 4.1791691929810355	73708 4.390009732018101	109687 6.532900058010928	95365 5.679889267025374	23946 1.4262111716897141	55692 3.316986242952625	100335 5.975899854317526
Cyanothece_sp_PCC_7425.fasta	143102 8.899034987456952	93581 5.819489547044828	54649 3.3984386174164927	75640 4.70379873412841	17192 1.069113006836801	99026 6.158095894312533	94556 5.880121537602406	110421 6.866712850623919	33165 2.062420478812384	93443 5.810907788381294	194686 12.106871501223212	56661 3.5235581712645407	29638 1.8430881396364072	60490 3.7616708808491213	87633 5.449603311315111	96827 6.021347435608826	88937 5.53069471201981	25513 1.5865681795851154	46931 2.9184819988284034	105971 6.589982227053435
Cyanothece_sp_PCC_8801.fasta	92539 6.900370076796714	63295 4.719728157974995	61646 4.596766917237168	65558 4.888473632680697	13757 1.0258203692118177	74563 5.55995087515743	87557 6.528876504112752	86814 6.473473106982245	25185 1.8779738314021683	99181 7.395645128937798	151953 11.330703101173464	70824 5.281144277753709	25189 1.878272100027366	53525 3.9912070409291664	63626 4.74440988671012	85066 6.34312971777077	76161 5.679109190923984	19367 1.444142116051848	43603 3.2513517161258187	81664 6.089452252039971
Cylindrospermopsis_raciborskii_CS505.fasta	75972 7.014751180020535	53192 4.911396893166591	50962 4.705493466490371	52502 4.847686864284712	10552 0.9743017750168047	55742 5.146846999903973	66835 6.17110113089918	75294 6.952149151640949	20874 1.9273668737396494	79152 7.308371313128329	118023 10.897461940182746	55843 5.156172670798277	20698 1.9111161997060104	42760 3.9481751231727227	50404 4.653971443133721	70512 6.510610951476965	62483 5.769266282067381	15304 1.413069973925055	34165 3.154569763404959	71756 6.62547367021473
Cylindrospermum_stagnale_PCC_7417.fasta	166738 8.049508401539823	102938 4.969474839794806	94239 4.549518539581328	100449 4.8493149097762585	20644 0.9966177562486543	113659 5.487045996777068	130300 6.2904133714008745	133831 6.460877297835383	37375 1.8043300058028218	141280 6.820488112904955	229109 11.060555004668327	105885 5.111745355570082	36517 1.762908864800044	82144 3.965615625328883	96855 4.675809570890497	134610 6.498484604177066	117123 5.654275405207864	29461 1.4222706702597172	63665 3.073516249349476	134444 6.490470723749955
Dactylococcopsis_salina_PCC_8305.fasta	76826 7.352466884422544	52969 5.069284075716264	47352 4.5317211869832645	54269 5.193697776152956	9500 0.9091770416527499	55073 5.270642864730726	77685 7.43467562955725	72416 6.930417331402688	17534 1.678053710351507	69132 6.6161291835303055	111754 10.69517590661699	50429 4.826198845632265	18661 1.78591081834547	42283 4.046603458126655	48076 4.601010047841853	66673 6.380795884011978	61726 5.90735390242712	14257 1.3644354824045533	31016 2.968319486726494	67235 6.434580883739225
Fischerella_muscicola_PCC_73103.fasta	148811 8.030745552116118	94025 5.07416017994448	83128 4.486091863211111	88467 4.774216736390835	18726 1.010568716082322	101841 5.495959020321465	116071 6.26389626425244	120287 6.491417235469095	35443 1.912719587958226	127944 6.904635469958166	201274 10.861967732604576	93921 5.068547708168737	34386 1.855677446929762	73225 3.9516658247959002	84751 4.57367880255756	117231 6.326496910981881	105720 5.705293424341722	26364 1.4227615951508243	57301 3.092310050210036	124100 6.697189878554745
Fischerella_muscicola_PCC_7414.fasta	140637 8.219473507646308	88130 5.150722784394356	74203 4.336764810738845	80075 4.679951514358085	17183 1.0042535981419292	94885 5.545516071681136	106090 6.200387838379635	113427 6.62919588409734	32388 1.8929037733004017	116374 6.8014321265302256	186994 10.92878992789105	82487 4.82091989465945	32322 1.8890464295608123	67446 3.9418546342478353	81396 4.757156833751991	105349 6.157080388212425	97574 5.702673606768353	24559 1.4353409833421196	52607 3.0745951834634506	116896 6.8319402088342525
Fischerella_sp_JSC11.fasta	115997 8.223063453917753	72805 5.1611691230159575	60601 4.296023762432388	65942 4.6746489157326865	14390 1.0201115813501769	77665 5.505696036522688	86477 6.130381460765757	93186 6.605984560090173	26737 1.8953942564669686	95760 6.788456221688182	154826 10.975663356089123	68466 4.8535760617596395	26885 1.905886022557297	55486 3.9334198195132672	67860 4.81061653303843	86647 6.142432813707351	80910 5.735735097084281	20056 1.4217760858623452	43071 3.0533166032198378	96863 6.866648235185697
Fischerella_sp_PCC_9339.fasta	159867 7.702451513682743	102760 4.951015015894705	95361 4.594528444246156	98744 4.757522642365772	21354 1.028843661438454	114967 5.539152815612753	129609 6.2446098208942855	134928 6.500881219001953	39908 1.922782281571875	146192 7.043584928023343	224895 10.835524737248342	107029 5.156697023512985	37715 1.8171227260068974	83749 4.035057965805427	94531 4.554538735573592	133356 6.425141674383556	118623 5.71530025525961	29624 1.4272953370072472	65054 3.134325913234859	137256 6.613045124772709
Fischerella_sp_PCC_9431.fasta	152943 7.943634232268057	97196 5.048217132131095	87730 4.5565670295265335	91842 4.770138255166715	19669 1.0215789000770248	106719 5.542827730810921	119633 6.2135618767052065	124188 6.450141870088238	36839 1.9133634195911087	133173 6.916809540899773	208301 10.818847245154524	97986 5.0892485689637175	35421 1.8397145874029335	76629 3.9799974342367346	88738 4.608921065383854	122549 6.365014623292456	110081 5.7174450607239296	27378 1.4219730096247285	59998 3.1162077811185793	128230 6.6600773987938835
Fischerella_sp_PCC_9605.fasta	175465 8.253995283700071	113292 5.329334247177205	91424 4.300648361878411	101314 4.765880820521408	22017 1.0356949486292106	114258 5.374775557091173	133531 6.281390842776361	140308 6.6001856225765225	39879 1.8759358157961707	140757 6.6213068939547535	230436 10.839869245688368	103415 4.8647133175496124	39434 1.8550027071919104	84445 3.972351361992719	100407 4.723214911523511	133888 6.298184370353262	120884 5.686467192173934	30818 1.4497000920586371	64903 3.0530821297579895	144882 6.815349754612223
Fischerella_thermalis_PCC_7521.fasta	115642 8.269552426439512	71943 5.144639579178308	59957 4.287521444043115	65315 4.670671700012943	13981 0.9997804644856612	76816 5.493107514478975	85800 6.135552811162988	92957 6.647349448336572	26312 1.8815695287566496	95205 6.808103792386623	153547 10.980136684098406	67633 4.836431739829678	26527 1.8969441657543191	54954 3.929757216604322	67146 4.801606399281468	85792 6.134980731646795	80103 5.728160685694508	19866 1.420616458584661	42574 3.0444641652966555	96337 6.889053043927841
Geitlerinema_sp_PCC_7407.fasta	133173 10.24356474483968	84831 6.5251352816974535	37803 2.907777688038675	67256 5.1732797975485845	12580 0.9676439254960328	71640 5.510493706083927	79906 6.146308069211924	94622 7.278251472041783	25048 1.9266728971243745	67614 5.200816882232812	149585 11.505963163380292	38008 2.9235461303857884	24065 1.8510612930891917	46212 3.554591501194171	72721 5.5936433947533395	80066 6.1586151461657686	69245 5.326272147931065	20201 1.5538453846538443	34811 2.677635349001781	90678 6.974882025129513
Geminocystis_herdmanii_PCC_6308.fasta	70564 5.905708192868692	48023 4.019185768183964	71818 6.010659132070797	62695 5.247128495435387	11517 0.9638915205667016	56824 4.755767280080077	81959 6.8593891754906915	72105 6.03467900412104	20170 1.6880864782348155	102602 8.587062411494722	129318 10.823002835516602	77792 6.510640719625323	22591 1.8907070713833773	51384 4.300477719267118	46957 3.929969100568777	77190 6.460257573373595	66210 5.541309158350379	15235 1.275061849078206	41508 3.4739263033500607	68333 5.718989257174996
Gloeobacter_kilaueensis_JS1.fasta	153837 10.933028210804606	99527 7.073275601687176	40698 2.892362579375091	69976 4.973118184047161	13611 0.9673189608303692	65848 4.679745715432969	82768 5.882231705973697	110824 7.8761411002178265	25582 1.818084906029131	67559 4.801344623814482	166297 11.818546853956938	41048 2.9172366985647633	21261 1.5109961374046343	52420 3.7254323654932007	78198 5.557446778268548	83884 5.961544611732767	73395 5.216102794074274	21012 1.4932999783239818	38497 2.735939904128038	100843 7.166802289840343
Gloeobacter_violaceus_PCC7421.fasta	154545 11.163731111157663	102644 7.414604265253921	37543 2.7119606399831255	68358 4.93791666696765	14235 1.0282811632037874	57952 4.1862276058999575	85079 6.1457768236189	115237 8.324273719994018	25927 1.8728658741401192	61405 4.435658927048021	158056 11.417352127245369	40067 2.89428460597725	24039 1.7364840802427712	51676 3.732873718982713	78194 5.648431139835402	75970 5.487778009735984	71623 5.173767597621698	20841 1.505472969605208	36525 2.6384242701804244	104433 7.543834683306016
Gloeocapsa_sp_PCC_73106.fasta	89001 7.430912079939017	58164 4.856255213060224	54169 4.522702851183881	58449 4.880050563031378	11102 0.9269332469464722	62272 5.199242222468989	78364 6.542802825050742	82378 6.877941543591829	20637 1.7230338152796205	88423 7.382653440348397	137121 11.448569064542173	55734 4.653368544885127	20393 1.7026616560060717	47670 3.9800853793855455	55143 4.6040245033659986	78069 6.518172550519198	69148 5.773336350194079	16943 1.4146126826710572	38427 3.208364608215825	76106 6.354276859314377
Gloeocapsa_sp_PCC_7428.fasta	148201 8.941905759465564	91606 5.527170660127816	66898 4.036380398895604	79920 4.822080203888556	16358 0.9869818315216342	95147 5.740821636128435	98903 5.967444924989864	108710 6.559163400459521	31935 1.9268409823721353	108673 6.556930955920684	182400 11.005348213078987	65763 3.9678986542582972	29824 1.7994709709806345	64720 3.9049678527986407	79342 4.787205800011584	102022 6.155633965979959	97005 5.852926553781399	23603 1.4241186067615315	50549 3.0499415944239567	115605 6.9751824570887955
Gloeomargarita_lithophora.fasta	77879 8.785770208771893	52939 5.972211881022808	29345 3.310499965027944	39428 4.447994296170447	9018 1.0173483961363774	55464 6.257064919417614	49373 5.569920421650185	68628 7.742136363944035	18505 2.0876061289092553	47559 5.3652774863439765	103585 11.68574335925778	27930 3.15086945044234	17470 1.9708445864385136	30864 3.481863040402878	49142 5.543860599127729	43346 4.889995961291574	51341 5.791936571971363	16252 1.8334382495019301	25640 2.8925274869080417	65680 7.409563390800319
Halothece_sp_PCC_7418.fasta	92234 7.632023817699934	61700 5.105447769283408	50737 4.1982998941674605	60647 5.018315897305201	11633 0.9625879076187016	69985 5.79100100702268	87680 7.255197089315547	79595 6.586193115009934	22372 1.8512006076889533	77606 6.421610690162208	132262 10.94419340131219	56340 4.661927509261382	22250 1.8411055569944221	48378 4.003101331967468	56715 4.69295737819949	76608 6.339029865628255	69803 5.775941177298051	17216 1.4245605963692571	37113 3.070964069066696	77603 6.421362451210703
Leptolyngbya_boryana_PCC_6306.fasta	188827 8.963386384436317	123530 5.863817780663879	77700 3.6883238205908153	106722 5.065962609795276	20493 0.9727776068901877	119207 5.6586102661669155	129615 6.152665276780933	138015 6.551402987115075	40171 1.9068681621229555	134158 6.368315921786649	229086 10.874431798762775	85407 4.054165669822391	41459 1.9680079443741907	83086 3.943990642955064	101075 4.797906437145645	139103 6.603049014358355	120983 5.742914810637562	30725 1.4584781130972047	57794 2.743410384648978	139421 6.6181440848210045
Leptolyngbya_sp_PCC_6406.fasta	153714 9.787035174087666	96900 6.169663845642524	47721 3.0384161855305147	83387 5.309285439593324	15007 0.9555020158055454	86922 5.534360379679458	91059 5.797764913522833	116042 7.388443054448397	33266 2.118060242406029	83874 5.340292934875346	181079 11.529376259082586	45974 2.927183959128683	30549 1.9450677071262483	55301 3.5210379806798473	89353 5.689143174403472	91167 5.804641319047389	92186 5.869521478579997	24972 1.589977766288804	43352 2.76024011389365	108701 6.92103849004322
Leptolyngbya_sp_PCC_7375.fasta	223085 8.72173260990083	140569 5.49568653760293	97735 3.821048195211052	143160 5.596984290442668	25814 1.0092243117734496	139296 5.445917321329295	151447 5.920972896302534	175236 6.85102779491486	54475 2.1297549540504637	151863 5.937236835006251	281102 10.989965618971885	99931 3.906903025483559	51181 2.000972708641703	95659 3.7398848857184634	124887 4.8825829636805915	164625 6.4361800699505745	152280 5.953539869716468	38893 1.5205609807780573	75397 2.947721602029239	171062 6.687841063786698
Leptolyngbya_sp_PCC_7376.fasta	117332 8.036675052758403	71398 4.890418005461805	62197 4.260193964616766	81507 5.582835658858446	15468 1.0594832587535112	73895 5.061450439978712	96822 6.631839156906676	98793 6.766843133051179	27699 1.8972476586639195	98593 6.7531440994495044	156540 10.722233600030686	70983 4.86199251073833	28207 1.9320432040121729	62158 4.25752265306444	64115 4.391567696856825	94903 6.500396929498608	84015 5.754621540223445	20614 1.411959393324598	42957 2.9423469321356723	91577 6.27258200070276
Lyngbya_sp_PCC8106.fasta	138660 7.05236121353915	95457 4.855021234392086	91667 4.662258728988124	100257 5.099153167357526	19903 1.0122828878773238	112354 5.714416499249803	132974 6.763166594613839	128797 6.550720952114538	35320 1.7964041400706965	135932 6.913612898303792	211398 10.751875492714188	96381 4.902016631487934	35003 1.780281260331104	80202 4.079139434936296	91872 4.672685196958523	132327 6.730259644482873	114166 5.806576303944256	28116 1.4300027973450653	59884 3.045749307021336	125480 6.382015614271546
Mastigocladopsis_repens_PCC_10914.fasta	142503 8.168139766826014	93434 5.35555020577547	72173 4.136889408581811	81515 4.672364182458071	17653 1.0118535841615939	94945 5.442159324093499	110970 6.360697458472332	115959 6.6466623104171685	33568 1.9240866205821325	110647 6.342183398103885	190920 10.943357292705574	84651 4.852116793341817	33266 1.9067762607329963	68295 3.9146060460157512	83340 4.776971489493414	111759 6.405922206555009	99946 5.728812004906513	24881 1.4261558390939002	52178 2.99079455698089	121877 6.98587658057342
Microchaete_sp_PCC_7126.fasta	132678 8.458241108130437	79596 5.074256163363559	68799 4.385945899080978	73596 4.6917553218617085	14936 0.9521720947786085	88892 5.666877467130428	93855 5.983269413192709	103710 6.6115270453595	29702 1.8935066657146646	107616 6.860535093177205	172631 11.005250461551016	73930 4.713047868705311	28040 1.7875539326186518	61067 3.893029814665592	74657 4.759394220667286	99128 6.319423902732586	91458 5.8304603270127195	22609 1.441326920919226	47152 3.005946613082549	104517 6.662973408541498
Microcoleus_sp_PCC_7113.fasta	181462 8.249900207586405	120339 5.471033831219431	88563 4.026385205081366	105884 4.8138587339502426	21787 0.9905135831341274	124001 5.637521220095237	141456 6.431086859862354	148560 6.754059664497451	40949 1.8616854415825668	134808 6.128845417686944	245386 11.15610988713228	99064 4.503797567338284	41177 1.8720511228124093	83070 3.776654121767658	109620 4.9837104228743305	145459 6.6130773070687585	125843 5.721265013188965	32127 1.4606063196103232	63506 2.887205930624496	146423 6.656904134724759
Microcoleus_vaginatus_FGP2.fasta	156039 8.81187453445683	93096 5.257341252249714	75055 4.23852526088771	88249 4.983620221811732	18081 1.021074881648267	89377 5.047320927884363	116380 6.572241287883708	122808 6.9352449568862555	29532 1.667738698348356	113251 6.395539595240744	190478 10.756722598672564	84715 4.78404726502035	32941 1.8602526229951644	68709 3.8801523169720027	86396 4.878977129300575	115617 6.529152955673231	97570 5.509998130768288	24567 1.3873539415658966	50327 2.8420792859196027	117592 6.640685663557492
Microcystis_aeruginosa_NIES843.fasta	114849 7.281380741864088	84482 5.356125067124327	71510 4.533705446723096	75513 4.7874940483624835	17154 1.087556750567585	79654 5.0500317948997555	103812 6.581639348835381	101949 6.463525892713927	27889 1.7681514641820786	113573 7.200482851359002	177097 11.227879086817511	89049 5.645671043563768	27484 1.742474625894806	64876 4.113112495617503	73238 4.643259956748793	101734 6.449894978561425	84835 5.378505126174716	23158 1.4682079532263106	51469 3.26311404890772	93972 5.957787277855724
Microcystis_aeruginosa_PCC_7806.fasta	100276 7.418334403565204	70153 5.189860120201342	60906 4.505774813350575	66289 4.904004639973013	14326 1.0598254683620718	68861 5.094279043479033	89886 6.649690915063045	87604 6.480870468406459	23707 1.7538239828605078	98685 7.300633557539513	153492 11.355209464598012	72759 5.382649815200055	24120 1.7843773765805648	55286 4.090011925440842	62677 4.636791908455226	85456 6.321963229397543	72673 5.376287607306774	19532 1.4449609833901986	43847 3.2437642964729694	81154 6.003704876410413
Moorea_producens_3L.fasta	157209 7.435137811754223	108287 5.121391066805524	93059 4.401188797231941	108096 5.112357796941552	21931 1.0372180177316939	114965 5.437224449798194	131143 6.202356595658545	143831 6.802430564423294	39358 1.8614211272574899	137359 6.49633987039386	230857 10.91829099993095	110074 5.205906528831265	38833 1.8365914587832233	80792 3.8210258578532224	101889 4.818800173665796	141172 6.676674205426962	118158 5.588236128728352	32020 1.51437330389717	66123 3.1272612733789065	137251 6.491232052879154
Nodosilinea_nodulosa_PCC_7104.fasta	199388 10.434174658919584	115492 6.043812564988568	58447 3.0585903178218996	103715 5.42751030528339	18267 0.9559304897711198	100912 5.2808264949791015	105775 5.535312178000778	142377 7.450731665962815	38947 2.038135697438868	98880 5.174489890434573	220000 11.512821358167535	59044 3.0898319285074725	38415 2.010295602154572	68527 3.586086860050667	106012 5.547714626463894	113297 5.92894600643776	106058 5.550121852747875	29857 1.562446851321855	53616 2.8057792269977755	133807 7.002254943056015
Nodularia_spumigena_CCY9414.fasta	114108 7.909621751113231	71894 4.983474832391547	65004 4.505880852432472	69257 4.800685960816499	14234 0.9866578680315642	79944 5.54147650708974	91651 6.352970371150828	95668 6.631416672674138	27457 1.9032362710792932	99730 6.9129822382175	158127 10.960885815528112	69938 4.847890822986619	27361 1.8965818411698487	57189 3.9641686676167716	68892 4.775385263764965	91083 6.31359832751995	82015 5.685031968990357	20422 1.415591329277828	43948 3.0463425589610216	94726 6.566120079187716
Nostoc_punctiforme.fasta	187193 8.050965549868822	115177 4.953636402735366	105929 4.555890069244334	113133 4.865726205324502	22136 0.9520450733301793	127744 5.494129284761946	146643 6.306954539589695	153189 6.588490817599243	41867 1.800653735323212	159668 6.867145499118317	256354 11.025504279385833	115861 4.983054492279902	40313 1.7338179003053633	92277 3.96873252763322	106068 4.561868306739495	153554 6.604189067136898	132499 5.69863661777988	32249 1.3869941077803105	70946 3.051309621091566	152300 6.550255902971915
Nostoc_sp_PCC_7107.fasta	141801 8.211817057294683	84627 4.900821870844896	79754 4.618622277610737	82536 4.779730274404792	16772 0.9712808491121108	97129 5.624823371894241	105371 6.102124633424292	112128 6.4934282762486735	31725 1.8372218541665701	121463 7.034026101580271	190192 11.014181210012556	84050 4.867407307886531	30832 1.7855074612344741	67861 3.929888486858869	79677 4.6141631418259985	109215 6.324733957535129	99931 5.787089585775241	24150 1.398547132486136	53832 3.1174571112212703	113651 6.581626507419538
Nostoc_sp_PCC7120.fasta	157528 7.99589058896144	98964 5.023267712698567	91302 4.63435581327356	94719 4.807797729266153	18816 0.9550726050092584	109402 5.553085306825196	120369 6.109754166260599	130427 6.6202835168761975	36218 1.8383726407432674	136750 6.941229737192606	216083 10.968056638404313	94595 4.801503670857292	35096 1.7814215638501771	77661 3.941958629763181	91593 4.649126547120164	126564 6.424203294025923	114980 5.836216418152876	28174 1.4300709807361205	60502 3.0709929181691193	130369 6.617339521813988
Nostoc_sp_PCC_7524.fasta	149915 8.206305249484489	90423 4.9497297773680815	85283 4.668367612258851	90103 4.932213066699802	17034 0.932436404760823	101911 5.5785796903592955	109234 5.979438666058691	124258 6.801848231934387	33974 1.8597272757628391	126357 6.916746905974129	197367 10.803814482706901	82085 4.4933099850177385	32558 1.7822158310557048	70335 3.8501182651668713	86072 4.711557252000326	114628 6.274704720260868	110832 6.066912739958409	25589 1.4007347165330926	56161 3.0742374620037913	122671 6.714976294963891
Oscillatoria_acuminata_PCC_6304.fasta	168501 8.081834685493792	113646 5.450817411573982	84918 4.0729327293177	104607 5.0172787161230445	20293 0.9733157148784015	113953 5.465542091240255	143401 6.877960224179651	147994 7.098254861662354	37995 1.8223589704235383	132948 6.376601668637152	230631 11.061783700690908	83344 3.9974387690743356	39508 1.8949271799840284	79385 3.807552753443153	110179 5.284529253909595	133395 6.398041185936252	119031 5.7090988448081115	30645 1.4698299947000746	59606 2.8588900853024195	130882 6.277509850426992
Oscillatoria_sp_PCC_10802.fasta	222124 10.021520706348383	132607 5.982801481635213	77273 3.4863093116532142	106148 4.789056472679531	24963 1.1262502988986993	106709 4.8143669889508995	143863 6.4906360113152894	170096 7.674184626906748	37835 1.7069935528114524	118311 5.337811926170893	241343 10.88862019337054	92821 4.187785081683939	39151 1.7663672416048943	82003 3.699711703745144	120468 5.435128830978989	144091 6.500922638249108	116408 5.251954684701349	32692 1.4749579285981764	60256 2.7185569847550384	147078 6.635686474439086
Oscillatoria_sp_PCC_6407.fasta	156654 8.317387435411149	97322 5.167214242783994	83544 4.4356851143538565	92793 4.926751517957452	18626 0.9889288391740273	94805 5.033576645436146	125388 6.65735043951213	129110 6.854966306547764	31154 1.6540904679280386	129051 6.851833760563051	205695 10.92117027670469	91436 4.85470296030905	34355 1.8240443610986634	73538 3.9044265529463984	89502 4.752019164810147	123927 6.5797801058906735	104445 5.545402802938434	25840 1.3719489533048892	55742 2.9595657335573193	120517 6.3987295667741995
Oscillatoria_sp_PCC_6506.fasta	150972 8.327830980974273	94299 5.201667419620147	79841 4.4041435057624385	89486 4.936175470706249	18142 1.0007386115096524	90981 5.018641804308218	120723 6.6592529708565635	123480 6.81133302553257	30243 1.668247041554758	124080 6.844429881827675	198390 10.943475533976406	87962 4.852109455716682	34036 1.877474334766979	71019 3.9175093953700806	85951 4.741179825700923	118833 6.554997873526983	99626 5.4955123420935195	24968 1.377270513293628	53765 2.9657541311771833	116064 6.4022558817250745
Oscillatoria_sp_PCC_7112.fasta	191156 8.602013118389506	118779 5.345050723959421	96484 4.341776526578779	112347 5.055610955511235	23738 1.0682091454326836	110139 4.956251034999172	143971 6.478689817048147	151614 6.822624541900367	36619 1.6478536817170546	142367 6.4065098747921	235999 10.619946504042797	111412 5.013535989171209	40473 1.8212835429731655	86318 3.884306892554486	107865 4.8539211168631065	147339 6.630249695800243	123562 5.560285551771559	30851 1.3882938893648884	65164 2.9323776540978765	145648 6.554154756676195
Pleurocapsa_sp_PCC_7319.fasta	153268 7.5296915031331135	96450 4.738358597210043	100386 4.931724895173948	105181 5.167291815584754	20549 1.009523388429955	107927 5.302196250089044	130025 6.387818316249205	129479 6.360994637720675	36030 1.7700680171848402	151163 7.426277870710852	219735 10.7950567792426	110458 5.426538247077521	35884 1.762895385197358	81855 4.0213410365435776	85513 4.201049857161456	140382 6.896633038813273	113177 5.56011623594029	28474 1.3988597480244558	64521 3.1697629346872906	124922 6.137120090001793
Pleurocapsa_sp_PCC_7327.fasta	119914 8.529455907007776	82182 5.845587215418659	54031 3.8432129035103255	67596 4.808088309038959	14769 1.0505156553079529	69950 4.97552780071713	92397 6.572177872807158	94941 6.753132021842531	23970 1.7049807202743332	95722 6.808684376558187	157420 11.19724926931938	67754 4.8193268135781056	26095 1.856131493348299	55764 3.9664808045631172	66310 4.716615417663372	88433 6.290219442470593	73943 5.2595489945450575	20975 1.491947042459497	42814 3.0453502110064794	90775 6.456805376841994
Prochlorococcus_marinus_AS9601.fasta	27051 5.365675623674747	19717 3.910946962108424	32834 6.512757141241974	26084 5.173867249563125	5776 1.1456930391610416	15223 3.0195438253373506	33822 6.708730950572153	31588 6.26560798494096	7561 1.4997550327383373	45759 9.076483341234436	54008 10.712705965895003	43392 8.60697928588572	9223 1.8294194771783738	24832 4.925527968913952	18280 3.6259121807243493	39036 7.742949009122303	22589 4.480619816760521	6349 1.259349914410224	14533 2.8826795252990682	26492 5.254795705237935
Prochlorococcus_marinus_CCMP1375.fasta	35684 6.904251017237409	25486 4.931110341478327	25719 4.976191904280039	25525 4.938656182462305	6309 1.2206848914850021	18948 3.6661178196002253	33251 6.4335066296984955	35556 6.87948518016179	9378 1.8144845319933984	40404 7.81749125940086	59559 11.523660081146813	34123 6.60222389477615	10076 1.9495357372963833	21024 4.067788739670421	21976 4.251984652920338	39890 7.718040944894078	24262 4.69428702444272	7552 1.4611843874615211	12647 2.4469807929324494	29472 5.702333986661275
Prochlorococcus_marinus_CCMP1986.fasta	25962 5.352084802157161	19046 3.9263464733797586	31832 6.562189485489052	24565 5.064092256566931	5656 1.1659884308220054	14542 2.9978436635455448	32156 6.628982316391868	30505 6.288627489785232	7325 1.5100539702565752	44758 9.226893597371166	52297 10.781063820137627	41567 8.569066673263489	8888 1.8322675341488655	23754 4.896904028597227	17587 3.6255725836044217	37460 7.722405696356493	21660 4.465224436280876	6074 1.252159428715145	13953 2.8764208937870297	25495 5.255812419343534
Prochlorococcus_marinus_MIT9215.fasta	27710 5.364229436475211	20353 3.9400274890140734	33698 6.523414058114099	26504 5.130766401455756	6108 1.1824147743771416	15536 3.0075304411793176	34563 6.690864742435681	31997 6.194126643049345	7814 1.5126701124726563	46954 9.089571597266586	55501 10.744139226048745	45033 8.717695568848365	9541 1.8469907272973654	25803 4.995063592543121	18748 3.629324196139923	39667 7.678920572236096	22747 4.403469036142246	6564 1.2706893547825078	15055 2.9144162456201483	26674 5.163675784501616
Prochlorococcus_marinus_MIT9301.fasta	26810 5.4023664823561655	19459 3.9210984476004707	32223 6.4931165669885385	25446 5.127512775458224	5774 1.163493624361227	15063 3.035279609240243	33398 6.729885705995196	31072 6.261183563587123	7433 1.497791498073606	44861 9.039744974449084	53315 10.74327374139571	42705 8.605298792578143	9217 1.8572775780632889	24594 4.955829961472119	18024 3.6319378395370205	38372 7.732174810181678	22027 4.438564957361405	6234 1.2561862234617058	14083 2.8378040720261795	26154 5.270178775812874
Prochlorococcus_marinus_MIT9303.fasta	71030 9.394421541436369	47605 6.296233105449505	26451 3.4984069293613036	39020 5.16078176188719	9968 1.3183668017040366	36206 4.788602369833101	43677 5.776716171551686	58418 7.726359532699279	16331 2.159936621050223	38448 5.085129092286999	93093 12.31247197743117	28308 3.7440135857381494	16405 2.169723854529968	25195 3.3322884800294146	38196 5.0517995944911105	52700 6.9700973565211415	36070 4.770615021816273	12931 1.7102529206295043	16096 2.128855541756438	49939 6.60492773979714
Prochlorococcus_marinus_MIT9312.fasta	27325 5.394888035095894	19938 3.9364419997709765	33156 6.546126539492752	26029 5.1390133820864055	5893 1.163479421438979	15397 3.039893543508563	33875 6.688081690352183	31716 6.26182136948221	7665 1.5133327278686195	46287 9.138634308526392	54318 10.72422793377269	43263 8.541593451504252	9270 1.8302145319428704	25103 4.956189363037959	18390 3.6308139420096426	39048 7.70940852678589	22449 4.432199139976861	6376 1.2588401138800154	14606 2.883723134148605	26394 5.211076845318244
Prochlorococcus_marinus_MIT9313.fasta	63270 9.639703328112526	42682 6.502952701920322	21118 3.217500472310421	33315 5.0758134404309905	8665 1.320183804932749	32050 4.8830803171488295	38305 5.836080859544023	51495 7.845685520486084	14265 2.1733897261818425	32215 4.908219420185633	82135 12.513940775320409	23070 3.514903679145819	14007 2.134081310524295	21360 3.2543711567643996	33968 5.175303345176644	44554 6.7881672527378765	30961 4.717162237105925	11292 1.7204287969187078	13006 1.9815707521010195	44615 6.797461102951483
Prochlorococcus_marinus_MIT9515.fasta	26477 5.276394427272963	19769 3.939609526485599	32930 6.562362370740592	25140 5.009954145169101	5858 1.1673950430549163	15093 3.0077660267715687	33022 6.580696331812811	30985 6.174758519811639	7732 1.5408498588085715	46631 9.292727595202082	54217 10.804482254917787	43698 8.708232944932353	9346 1.8624913063146546	24814 4.944988152674068	18166 3.6201601830207593	38654 7.703053600929452	22251 4.4342279110643466	6474 1.290152869364549	14610 2.911512731142425	25934 5.168184200509764
Prochlorococcus_marinus_NATL1A.fasta	34482 6.391011585816781	24561 4.552219580048893	28804 5.338631683715172	28003 5.1901716094666	6173 1.1441248918057823	18486 3.426258342770402	35266 6.5363208220351074	36527 6.77003886651382	9012 1.6703148428565868	43632 8.08690381974241	60131 11.144884799801313	38937 7.216716493154341	10754 1.9931830692498596	23327 4.323505807735863	22007 4.0788525018580675	42307 7.841323796796895	25599 4.744606043307342	7675 1.4225106989485468	13765 2.551252087430195	30091 5.577168656946022
Prochlorococcus_marinus_NATL2A.fasta	34683 6.471095289271001	24229 4.520605707803451	28547 5.326250820944534	28054 5.23426771747567	6088 1.1358887097737178	18500 3.4516986088721713	35038 6.53733058690071	36539 6.817384619977312	8997 1.678644993730969	42869 7.998425279121141	59623 11.124358170637054	38447 7.173376022449101	10782 2.011687264911338	23163 4.321713236611141	21886 4.08345274344737	41964 7.829571914741178	25318 4.7237894799689535	7664 1.4299361155889905	13686 2.553510657352678	29891 5.577012060421517
Pseudanabaena_sp_PCC_6802.fasta	141650 8.949782652648604	90276 5.703851597250304	63442 4.0084158916296	86885 5.4896001819652245	16075 1.015656591184796	76657 4.84337090578245	93951 5.936046805499394	108247 6.839301961180752	29654 1.8736099878689851	102875 6.499886271734735	168108 10.621461787302872	70324 4.4432369591589165	30926 1.9539779619894864	61228 3.8685301253538213	75356 4.761170642943793	104788 6.6207541447634455	89155 5.633024160938132	22450 1.4184441973311768	47449 2.997940254751314	103166 6.518272341285887
Pseudanabaena_sp_PCC_7367.fasta	118041 9.31686137142343	65621 5.179401733755025	56033 4.422630215136851	72983 5.7604772364737356	11724 0.9253639220149633	67334 5.314607158389248	76034 6.001289700314374	84787 6.692155480713297	23318 1.8404670704149535	85585 6.755140844903671	133199 10.5132675749293	55089 4.348121212886585	25749 2.0323435370149516	47589 3.7561535043304413	60356 4.763840402348612	81082 6.399723432686563	67976 5.365279594241654	16585 1.3090379261871519	36621 2.890459927337937	81241 6.4122731481079525
Pseudanabaena_sp_PCC_7429.fasta	123412 8.277906711562453	76938 5.1606455334504915	68058 4.565016165166414	80708 5.413519713453979	14195 0.9521350093234777	73166 4.907637202688381	90800 6.090444441463316	95172 6.383697999812189	27027 1.8128462766456945	109221 7.326040003756221	159500 10.698523000147565	75630 5.072910937311351	29365 1.9696685134754437	59438 3.986826395503267	65323 4.381565002750091	103636 6.9514240103027785	81714 5.4809975450411175	19802 1.3282266611217686	45045 3.021410461076157	92710 6.218558415947842
Raphidiopsis_brookii_D9.fasta	63621 7.035938904857066	44771 4.951289994017002	41402 4.578707384965534	43058 4.761846833047823	9194 1.0167778295100025	46832 5.179218981032459	55714 6.161492276845799	62434 6.904666848773928	17995 1.990093217536708	66571 7.362183694617182	99845 11.04200374020298	46678 5.16218789709244	18055 1.9967287047860665	35252 3.898569941906309	42392 4.688192924579946	58425 6.461305709062638	50506 5.585531983601499	12864 1.4226484662624181	28546 3.156943650336364	60074 6.643671016965835
Richelia_intracellularis_HH01.fasta	63959 6.978180298661186	43667 4.764242703945309	44731 4.880329319398576	41453 4.522686532316048	10873 1.1862873776535448	44175 4.81966751658653	54620 5.959258398550227	61160 6.672798309325007	18858 2.057482513362508	74761 8.156721295020386	100114 10.922834040872527	51198 5.585904640955227	20221 2.206191213421533	35722 3.8974117267120323	39341 4.292258964799789	60654 6.61759170460757	49673 5.41952109906967	12297 1.3416514193879923	30306 3.3065046691040494	58772 6.412258048326509
Rivularia_sp_PCC_7116.fasta	173262 7.524124385029571	107516 4.669020081615353	123205 5.350335012048622	115321 5.007962208712788	22450 0.9749200196460498	112689 4.893664235808183	150701 6.5443840481371645	150445 6.533266920073495	36999 1.606728989170788	167096 7.256357933308522	241036 10.467297187323174	134906 5.858465931865033	41071 1.7835608074335372	96553 4.192937757544991	96778 4.202708670882201	158508 6.883413027797597	125702 5.458770436950902	30336 1.3173796755448803	71465 3.1034592073053426	146599 6.366249441429455
Rubidibacter_lacunae_KORDI_512.fasta	113852 10.756036406441606	74929 7.0788308672510185	31617 2.9869796144333365	61260 5.787467855273625	12053 1.1386932755405321	44326 4.187647733477942	63240 5.974526071947503	81077 7.6596560774080915	19416 1.8343042095656659	54774 5.174710484896466	118795 11.223020631198665	28958 2.7357736557788708	17826 1.6840907931457334	39831 3.762987792089516	56255 5.314626252014655	63438 5.99323189361489	57358 5.418830905040558	15742 1.4872072964041365	28034 2.648479821331061	75713 7.1528983631461305
Scytonema_hofmanni_PCC_7110.fasta	235287 7.675565007276368	159257 5.195303847487589	139075 4.536923856341238	148430 4.842103958272371	30650 0.9998685327834546	162949 5.315744781355012	199314 6.502048833383408	197975 6.458367790466702	55638 1.8150305196413	203302 6.632145920128609	335119 10.932298298135677	157039 5.122947945180454	54015 1.7620847895040228	123576 4.031313337920006	138621 4.522113405643565	205574 6.706263417893178	176406 5.754740893774815	43420 1.4164532363281435	94327 3.077148420615495	205429 6.70153320786859
Spirulina_major_PCC_6313.fasta	135135 9.418510560148205	84868 5.915049056267124	48944 3.411252309585923	79255 5.523839526729167	15047 1.0487314788807491	80598 5.617442661981166	80277 5.595069909623838	99154 6.91074108174	32996 2.2997237905994017	85703 5.973246091215314	159668 11.128388234859536	46442 3.236870295884877	27563 1.9210597296730303	52414 3.6531010655981646	79836 5.564333511525453	81044 5.648527545318763	88275 6.15250689826531	22935 1.5985017922595852	40650 2.833184994783176	93917 6.54573764219069
Spirulina_subsalsa_PCC_9445.fasta	116550 7.777923111009081	83311 5.55973017847514	57624 3.8455173002898952	71793 4.7910805140169455	15388 1.0269127484530909	88765 5.92370094336097	100071 6.678202862649419	103786 6.926122076355114	30252 2.0188565418639786	92404 6.166548323892605	173731 11.59387696266597	60264 4.021696768441452	28016 1.8696378711113721	58444 3.900239710852121	79495 5.305070765419708	89595 5.979090700393468	82591 5.511681232615625	22731 1.5169452615731225	45506 3.0368268476154374	98101 6.546735608006022
Stanieria_sp_PCC_7437.fasta	115572 7.494679174659253	71607 4.643611702313927	76747 4.9769333629042825	71926 4.6642983968136	15611 1.012351059042031	89065 5.775738074023348	99659 6.462743846843236	95544 6.195891972654654	27033 1.7530514495601321	115771 7.5075840405070124	173840 11.273275773740737	82378 5.34209567239539	26123 1.6940392489497773	62262 4.037601796046053	65328 4.236427518102479	99290 6.438814723738598	86920 5.636637886870369	22536 1.4614274208296207	49972 3.240612844945767	94799 6.147579786440683
Synechococcus_calcipolaris.fasta	83720 8.536219796443989	56585 5.769493516265924	35031 3.571814568672114	51628 5.26407018216448	10237 1.043780244340625	55685 5.677728133838791	56421 5.752771824356979	72488 7.390987823753368	21436 2.185647486342252	61760 6.2971444652219395	113080 11.529810494289134	33330 3.3983779958848324	19492 1.9874342602996447	36423 3.7137450268260803	53109 5.415075217025129	58460 5.960671396322451	55305 5.638982750147335	15032 1.5326858096051845	28212 2.876538854482535	63328 6.457020153717211
Synechococcus_elongatus_PCC6301.fasta	82857 10.541267771381317	53601 6.819248751630037	21621 2.750675869088133	40362 5.134951178397634	8563 1.089405553258484	48139 6.124359912216533	44711 5.688241468146687	56843 7.231703826214179	13621 1.7328965363697084	42633 5.423873286473077	96604 12.290194332241342	20170 2.566076142616329	12410 1.5788301898794568	27260 3.4680830762380332	43240 5.501097293343087	47330 6.021436977195382	40836 5.1952546038612	13750 1.749308228109793	19301 2.45551986259979	52173 6.6375751407397985
Synechococcus_elongatus_PCC7942.fasta	87037 10.552817435058046	56017 6.7917917007668756	22691 2.7511745627595405	42268 5.124791609832985	8946 1.0846594525779758	50579 6.132460367979146	46990 5.697311387954291	59332 7.193719499257373	14248 1.7275014397866084	44861 5.439180382528568	101401 12.29438331666212	21408 2.59561698645085	12956 1.570852656785184	28579 3.4650662301839894	45352 5.498711769876633	49807 6.038859082780152	43018 5.215725500894183	14426 1.749083083265133	20209 2.4502440059410144	54650 6.6260495286593315
Synechococcus_sp_CC9311.fasta	72432 9.600903464739558	50358 6.674982006259039	23448 3.1080459526343764	39810 5.276838509654321	9835 1.303634934500132	35349 4.685530381255227	43649 5.785700178545628	60084 7.964168927758609	15766 2.089792412539815	36650 4.857978683216048	92626 12.277629836604902	24181 3.2052055262986974	16437 2.1787338503689546	25271 3.3496856563043043	39529 5.239591797240032	53104 7.038965893410778	36863 4.8862119563272355	12838 1.7016843201944782	14246 1.888315533999886	51953 6.8864001781479764
Synechococcus_sp_CC9605.fasta	74763 10.345070929247868	51115 7.072860914469788	20016 2.7696446065543827	39714 5.495287065582572	9360 1.2951575498275891	34333 4.750709845964809	42411 5.868475090356611	58505 8.095426544087937	15224 2.1065682199332496	31466 4.353998660563559	87792 12.1479136340239	21831 3.02078893913313	15552 2.1519540827904557	22988 3.1808848029312626	39902 5.521300913805605	46329 6.410614757047262	34594 4.786824816104232	12703 1.7577335849850282	13524 1.8713366136611447	50570 6.997448428929613
Synechococcus_sp_CC9902.fasta	64956 9.753211731001388	46052 6.914756244782251	20130 3.0225406759199753	36835 5.530813998882876	8448 1.268476086943465	31555 4.73801644454321	38021 5.7088931465053845	53747 8.070168589601138	14529 2.181544633901705	31217 4.687265388981316	81078 12.173946990672617	20722 3.1114300986792713	14235 2.137400224625974	21604 3.2438633265064656	35460 5.324356302440255	44006 6.60754719247563	32829 4.929308884738046	11575 1.7379984264169754	12534 1.8819932852449563	46463 6.9764683271371
Synechococcus_sp_PCC_6312.fasta	95368 8.816190996517637	57014 5.270597196915701	40130 3.709774187256237	51937 4.801259455856646	10494 0.9701064121870658	64430 5.956161248066767	61020 5.640927508257552	77684 7.1814128572841645	21550 1.992166302899873	67460 6.236266301328326	125849 11.633973877199356	40151 3.7117155094075547	20317 1.8781829594439314	41042 3.7940830349706074	59872 5.534801897318849	63064 5.829882864319146	63624 5.881651455020952	17535 1.6210039963503144	31358 2.898856191477226	71726 6.63063202978173
Synechococcus_sp_PCC_7002.fasta	90489 8.97664696855014	53034 5.261053778139753	37631 3.7330526591465296	52123 5.170681187124832	10315 1.0232637500756412	57935 5.747240461525184	61933 6.143848166110973	70759 7.019400842617769	19830 1.9671662786233606	63317 6.281143079354277	113688 11.278023191332961	42040 4.170432191292289	19612 1.945540345757002	41054 4.072619485759125	51673 5.126040500015376	55148 5.470765806027287	58493 5.80259491354091	14987 1.4867332837987042	29618 2.9381508240174834	64343 6.382923845963837
Synechococcus_sp_PCC_7335.fasta	149594 9.208430976779173	90356 5.56196765470446	56615 3.485001535825988	88792 5.4656938332431535	15823 0.9740029903978559	80590 4.960810275937762	100103 6.161955466586398	113566 6.990685938666681	30449 1.8743232670558247	96620 5.94755538976432	174512 10.742287168066145	65332 4.021586511323562	32501 2.0006364906099168	61678 3.7966603325386434	76666 4.7192639361588835	116203 7.153009511041019	94630 5.825058647623655	22349 1.37571843723704	45922 2.8267816043133625	112130 6.902291304639549
Synechococcus_sp_PCC_7336.fasta	143294 9.937646114827963	96333 6.680832855386284	46540 3.227616300641293	81505 5.652489612887163	14554 1.0093409462727412	70047 4.857860743683297	92067 6.384979586401846	103793 7.198194643155602	25577 1.7738019364310775	79354 5.503314652365474	162292 11.255184887487681	43865 3.042101182372804	25137 1.7432873001551392	55318 3.836383294346262	74604 5.173895283477504	93681 6.496912820377674	77143 5.349978605078884	21221 1.4717070372992882	38685 2.6828606916697124	96867 6.7178665275939
Synechococcus_sp_PCC_7502.fasta	83355 7.93713518506175	49935 4.754853883582971	47841 4.555461392700368	53335 5.078604823889011	10301 0.9808701282625049	51931 4.944914729715575	61630 5.868461897370952	68153 6.489587598434569	19373 1.8447138136908559	81246 7.73631438120721	114645 10.916596044525276	55050 5.241908607013969	20181 1.9216522724459384	41930 3.9926108608918387	46279 4.406726401889182	70605 6.723069158914101	59933 5.70687208981232	14398 1.370990011331283	32289 3.074586503394624	67681 6.444643350250907
Synechococcus_sp_RCC307.fasta	76865 10.993938423074612	48157 6.887856536004737	18182 2.6005566695939972	34563 4.94351777423701	8711 1.245927243913393	38120 5.452272590744867	40722 5.824434534111031	59256 8.475337477365631	14158 2.02500722297392	27901 3.990657333535481	89801 12.84416398010178	18509 2.6473272135912054	14148 2.023576931108562	21636 3.094579479888666	39902 5.707150601151671	44554 6.372522376916233	30261 4.32820621375998	12737 1.8217627489065418	12766 1.8259105953160801	48209 6.895294053704599
Synechococcus_sp_WH5701.fasta	102294 11.43468433725243	69284 7.744742307683709	19381 2.1664576332951038	43245 4.834036445583136	10169 1.1367167676063108	39636 4.430613216721776	53143 5.940460141695563	78298 8.752350228148188	18585 2.077478722191296	35328 3.949053984265488	118035 13.194253482585395	19384 2.1667929809500177	17069 1.908016373908164	27442 3.0675367820486166	55371 6.189511666744915	54650 6.108916447013953	39640 4.431060346928327	15684 1.7531975398896036	15956 1.783602393935126	62000 6.930518201552883
Synechococcus_sp_WH7803.fasta	77826 10.626697416445124	53284 7.275626977332279	19235 2.6264297895988737	39831 5.438696384170145	8978 1.2258948089949928	34700 4.738087533094927	41152 5.619071416770099	60795 8.301211284567898	15439 2.108107591453965	30931 4.223452031301417	92170 12.585288989203441	18343 2.504632265693379	15011 2.049666627068817	22673 3.0958691250104113	40692 5.5562610344869965	47571 6.495549338238005	35650 4.867804626940465	12911 1.7629235775155216	13153 1.7959673003688061	52018 7.102761881744436
Synechococcus_sp_WH8102.fasta	74487 10.218886975847663	52601 7.21634209750108	20029 2.7477826632734956	41590 5.7057407242271045	9008 1.2358093879258898	35001 4.801794447912308	41830 5.738666373994224	59510 8.164189240172037	15387 2.1109457206944566	31419 4.310379125138048	89487 12.27674008629264	20180 2.768498384585308	15046 2.0641638599836742	22805 3.128622678913179	40039 5.492958712607094	47009 6.449174457927193	36240 4.971773114835063	12716 1.744510676827888	13521 1.8549487937551017	51010 6.9980724775865495
Synechocystis_sp_PCC6803.fasta	95428 8.387748339423068	57893 5.088568497864564	46465 4.084091949860553	57427 5.04760891864074	11574 1.0173093775462398	63125 5.548440855158666	69336 6.0943634872599	82906 7.287113465945098	21459 1.886162254429304	71715 6.303468291924019	129569 11.38860884217114	48972 4.30444745439731	22629 1.9890006829526408	45649 4.012368738172482	57963 5.094721224357413	66758 5.86776736013754	62427 5.487089382415683	17669 1.5530360628878965	33509 2.9453101721269186	75234 6.612774642328825
Synechocystis_sp_PCC_7509.fasta	118617 8.402601174495455	71400 5.0578392967194885	61885 4.383814914250498	67112 4.754085586574766	14350 1.0165265253210736	75100 5.319940212655933	85456 6.053539424936423	91898 6.509878371007388	24454 1.7322745400837307	96089 6.806760786869453	155703 11.029702409203285	71845 5.0893622447172495	25819 1.828968526638662	54340 3.8493415599963163	65399 4.632739946304731	92017 6.518308103168588	82197 5.8226781046561875	19549 1.3848137312544717	42915 3.04001643443581	95371 6.7558990415607045
Thermosynechococcus_elongatus_BP1.fasta	75538 9.754755795348741	51318 6.627056023533939	22554 2.9125574175685816	34518 4.457553291639279	8790 1.1351148222234562	44773 5.781853917566645	45338 5.85481636063334	55338 7.146187034380161	17109 2.209406085713437	42950 5.546437043742599	92953 12.003677823678832	24093 3.111299364258217	14883 1.9219469737373946	27308 3.5264750358678203	44731 5.776430160736908	40070 5.174522289703514	42586 5.499431151218214	13170 1.700735177324564	22106 2.8547040113847237	54245 7.005040219739634
Tolypothrix_sp_PCC_9009.fasta	170117 7.868064677261207	109999 5.087552957282667	101163 4.678879988159769	105586 4.883447727230681	21957 1.0155310528555306	114060 5.275377869868462	137855 6.375918080402568	139118 6.434332969492905	37845 1.7503653821249514	148714 6.878156624054169	235439 10.889266090688768	116206 5.374632305329954	38616 1.786024827484136	85828 3.969622407636949	97550 4.5117754796218525	143139 6.620307846002997	122380 5.660185373614786	29917 1.3836882319205224	65977 3.051495754167206	140654 6.505374354799919
Trichodesmium_erythraeum.fasta	101707 6.588375976690284	67083 4.345502528285313	83817 5.429497568881685	77198 5.0007319913923	14576 0.9442041180669727	74634 4.834641201139575	106673 6.910063521306132	101446 6.571468918868147	24947 1.6160167489995039	117010 7.579673700261833	162533 10.528562563239522	99137 6.421896518441649	27139 1.7580101235057335	63688 4.125581220598885	65806 4.262781023155544	101860 6.598287010586021	85179 5.517725203953531	21702 1.4058121412108562	52826 3.4219625920009533	94773 6.13920532941556
Trichormus_azollae_0708.fasta	72530 7.69150826945836	46040 4.882352691656734	41640 4.415750783679114	44017 4.667821859875205	9869 1.0465668704161666	49411 5.239833380700497	58798 6.235286133015478	63062 6.687465800201063	18435 1.9549559485380514	68040 7.215362231544834	104823 11.116048136349562	47416 5.028271833787917	19242 2.040534980296674	36415 3.8616610179556896	43897 4.655096353293997	59509 6.310684759509135	54567 5.7866059801397265	13003 1.378914683962044	28968 3.071937288703568	63304 6.713128905139832
